{
        "parent": "minecraft:item/handheld",
        "textures": {
          "layer0": "minecraft:item/stick"
        },
        "overrides": [
          {
            "predicate": {
              "custom_model_data": 1
            },
            "model": "minecraft:item/ui/gui"
          },
          {
            "predicate": {
              "custom_model_data": 2
            },
            "model": "minecraft:item/ui/gui2"
          },
          {
            "predicate": {
              "custom_model_data": 3
            },
            "model": "minecraft:item/ui/gui3"
          },
          {
            "predicate": {
              "custom_model_data": 4
            },
            "model": "minecraft:item/ui/gui4"
          },
          {
            "predicate": {
              "custom_model_data": 5
            },
            "model": "minecraft:custom/cross"
          },
          {
            "predicate": {
              "custom_model_data": 6
            },
            "model": "minecraft:item/ui/gui5"
          }
        ]
      }
      